video_name,tags,tag_en
IMG_0903.MOV,усы,mustache
IMG_0903.MOV,космос,space
IMG_0903.MOV,NASA,NASA
IMG_0903.MOV,мужчина,man
IMG_0718.MOV,фильм,movie
IMG_0718.MOV,мужчина,man
IMG_0718.MOV,актёр,actor
IMG_1374.MOV,усы,mustache
IMG_1374.MOV,ноутбук,laptop
IMG_1374.MOV,очки,glasses
IMG_1374.MOV,мужчина,man
IMG_0724.MOV,женщина,woman
IMG_0724.MOV,саксафон,saxophone
IMG_0724.MOV,концерт,concert
IMG_0724.MOV,дреды,dreadlocks
IMG_0730.MOV,усы,mustache
IMG_0730.MOV,ноутбук,laptop
IMG_0730.MOV,очки,glasses
IMG_0730.MOV,мужчина,man
IMG_1348.MOV,самолёт,airplane
IMG_1348.MOV,игрушка,toy
IMG_1348.MOV,дорога,road
IMG_1823.MOV,человек,Human
IMG_1823.MOV,животное,animal
IMG_1823.MOV,лошадь,horse
IMG_1823.MOV,лес,forest
IMG_1016.MOV,животное,animal
IMG_1016.MOV,мужчина,man
IMG_1016.MOV,курица,chicken
IMG_1016.MOV,птица,bird
IMG_1002.MOV,люди,People
IMG_1002.MOV,женщина,woman
IMG_1002.MOV,мужчина,man
IMG_1002.MOV,азиат,Asian
IMG_1764.MOV,динозавр,dinosaur
IMG_1764.MOV,лес,forest
IMG_1567.MOV,женщина,woman
IMG_1567.MOV,руки,hands
IMG_1567.MOV,утка,duck
IMG_1567.MOV,птица,bird
IMG_1177.MOV,схема,scheme
IMG_1177.MOV,очки,glasses
IMG_1177.MOV,мужчина,man
IMG_1177.MOV,борода,beard
IMG_1188.MOV,Scottish,Scottish
IMG_1188.MOV,мужчина,man
IMG_0731.MOV,животное,animal
IMG_0731.MOV,собака,dog
IMG_0725.MOV,усы,mustache
IMG_0725.MOV,ноутбук,laptop
IMG_0725.MOV,очки,glasses
IMG_0725.MOV,мужчина,man
IMG_1375.MOV,усы,mustache
IMG_1375.MOV,физика,physics
IMG_1375.MOV,очки,glasses
IMG_1375.MOV,мужчина,man
IMG_1361.MOV,Шахматы,Chess
IMG_1361.MOV,конь,horse
IMG_1361.MOV,ладья,rook
IMG_1361.MOV,мем,meme
IMG_1361.MOV,лошадь,horse
IMG_0719.MOV,люди,People
IMG_0719.MOV,игра,game
IMG_0719.MOV,бильярд,billiards
IMG_0902.MOV,дом,house
IMG_0902.MOV,панелька,socket
IMG_0902.MOV,архитектура,architecture
IMG_0928.MOV,люди,People
IMG_0928.MOV,маска,mask
IMG_0928.MOV,Гражданская оборона,Civil defense
IMG_0928.MOV,женщина,woman
IMG_0928.MOV,мужчина,man
IMG_0928.MOV,борода,beard
IMG_1363.MOV,еда,food
IMG_1363.MOV,жаба,toad
IMG_1363.MOV,мем,meme
IMG_0733.MOV,корги,corgi
IMG_0733.MOV,животное,animal
IMG_0733.MOV,кошка,cat
IMG_0733.MOV,собака,dog
IMG_0727.MOV,еда,food
IMG_0727.MOV,яблоко,apple
IMG_0727.MOV,мужчина,man
IMG_0727.MOV,газировка,soda
IMG_1834.MOV,фабрика,factory
IMG_1834.MOV,еда,food
IMG_1834.MOV,готовка,cooking
IMG_1834.MOV,очки,glasses
IMG_1834.MOV,мужчина,man
IMG_1834.MOV,борода,beard
IMG_1175.MOV,stop,stop
IMG_1175.MOV,улица,street
IMG_1175.MOV,знаки,signs
IMG_1175.MOV,дорога,road
IMG_1149.MOV,гриб,mushroom
IMG_1149.MOV,мужчина,man
IMG_1149.MOV,очики,glasses
IMG_1149.MOV,вода,water
IMG_1767.MOV,мультик,cartoon
IMG_1767.MOV,курица,chicken
IMG_1767.MOV,еда,food
IMG_1767.MOV,кухня,kitchen
IMG_1767.MOV,готовка,cooking
IMG_1001.MOV,холодильник,fridge
IMG_1001.MOV,мужчина,man
IMG_1015.MOV,люди,People
IMG_1015.MOV,мужчина,man
IMG_1015.MOV,азиат,Asian
IMG_0874.MOV,мультик,cartoon
IMG_0874.MOV,животное,animal
IMG_0874.MOV,птица,bird
IMG_0874.MOV,3D,3D
IMG_1558.MOV,микрофон,microphone
IMG_1558.MOV,животное,animal
IMG_1558.MOV,собака,dog
IMG_1202.MOV,полотенце,towel
IMG_1202.MOV,азиат,Asian
IMG_1202.MOV,шапка,cap
IMG_1202.MOV,очки,glasses
IMG_1202.MOV,мужчина,man
IMG_1564.MOV,,
IMG_1564.MOV,мультик,cartoon
IMG_1564.MOV,машина,car
IMG_1564.MOV,игра,game
IMG_1821.MOV,женщина,woman
IMG_1821.MOV,перчатки,gloves
IMG_1821.MOV,наука,science
IMG_1821.MOV,наушники,headphones
IMG_1835.MOV,мультик,cartoon
IMG_1835.MOV,машина,car
IMG_1835.MOV,игрушка,toy
IMG_1835.MOV,игра,game
IMG_1809.MOV,люди,People
IMG_1809.MOV,музыкальный инструмент,musical instrument
IMG_1809.MOV,музыка,music
IMG_1809.MOV,женщина,woman
IMG_1809.MOV,мужчина,man
IMG_0726.MOV,машина,car
IMG_0726.MOV,пицца,pizza
IMG_0726.MOV,мем,meme
IMG_0726.MOV,еда,food
IMG_0726.MOV,женщина,woman
IMG_0732.MOV,женщина,woman
IMG_0732.MOV,футболка,t-shirt
IMG_0732.MOV,кошка,cat
IMG_1404.MOV,компьютерная игра,computer game
IMG_1404.MOV,minecraft,minecraft
IMG_1404.MOV,рейтинг,rating
IMG_1404.MOV,игра,game
IMG_1404.MOV,мод,Maud
IMG_0939.MOV,квартира,apartment
IMG_0939.MOV,женщина,woman
IMG_0939.MOV,чемодан,suitcase
IMG_0736.MOV,пиджак,blazer
IMG_0736.MOV,игра,game
IMG_1831.MOV,музыкальный инструмент,musical instrument
IMG_1831.MOV,усы,mustache
IMG_1831.MOV,музыка,music
IMG_1831.MOV,очки,glasses
IMG_1831.MOV,мужчина,man
IMG_1602.MOV,животное,animal
IMG_1602.MOV,,
IMG_1602.MOV,мужчина,man
IMG_1602.MOV,собака,dog
IMG_1038.MOV,улица,street
IMG_1038.MOV,мужчина,man
IMG_1038.MOV,азиат,Asian
IMG_1038.MOV,танец,dance
IMG_1762.MOV,женщина,woman
IMG_1762.MOV,машина,car
IMG_1776.MOV,очки,glasses
IMG_1776.MOV,мужчина,man
IMG_1776.MOV,мем,meme
IMG_1776.MOV,борода,beard
IMG_1561.MOV,еда,food
IMG_1561.MOV,женщина,woman
IMG_1561.MOV,тарелка,plate
IMG_1561.MOV,готовка,cooking
IMG_1011.MOV,аниме,anime
IMG_1011.MOV,природа,nature
IMG_1011.MOV,мультик,cartoon
IMG_1011.MOV,текст,text
IMG_1011.MOV,пейзаж,scenery
IMG_1005.MOV,,
IMG_1005.MOV,очки,glasses
IMG_1005.MOV,женщина,woman
IMG_1005.MOV,наука,science
IMG_1159.MOV,усы,mustache
IMG_1159.MOV,очки,glasses
IMG_1159.MOV,мужчина,man
IMG_1159.MOV,борода,beard
IMG_1367.MOV,еда,food
IMG_1367.MOV,мужчина,man
IMG_1367.MOV,азиат,Asian
IMG_1367.MOV,танец,dance
IMG_0723.MOV,еда,food
IMG_0723.MOV,женщина,woman
IMG_0723.MOV,тарелка,plate
IMG_0723.MOV,готовка,cooking
IMG_0737.MOV,мультик,cartoon
IMG_0737.MOV,рисунок,drawing
IMG_0904.MOV,ноутбук,laptop
IMG_0904.MOV,наука,science
IMG_0904.MOV,биология,biology
IMG_0904.MOV,очки,glasses
IMG_0904.MOV,женщина,woman
FullSizeRender.MOV,больница,hospital
FullSizeRender.MOV,мужчина,man
IMG_0906.MOV,курица,chicken
IMG_0906.MOV,еда,food
IMG_0906.MOV,готовка,cooking
IMG_0906.MOV,мужчина,man
IMG_0906.MOV,птица,bird
IMG_0735.MOV,музыка,music
IMG_0735.MOV,музыкальный инструмент,musical instrument
IMG_0735.MOV,концерт,concert
IMG_1365.MOV,рука,hand
IMG_1365.MOV,пазл,puzzle
IMG_1365.MOV,рисунок,drawing
IMG_1198.MOV,конь,horse
IMG_1198.MOV,небо,sky
IMG_1198.MOV,лошадь,horse
IMG_1198.MOV,пейзаж,scenery
IMG_1013.MOV,технологии,technologies
IMG_1013.MOV,видео карта,video card
IMG_1013.MOV,AI,A.I.
IMG_1013.MOV,очки,glasses
IMG_1013.MOV,мужчина,man
IMG_1761.MOV,рука,hand
IMG_1761.MOV,животное,animal
IMG_1761.MOV,птица,bird
IMG_1761.MOV,щётка,brush
IMG_0899.MOV,люди,People
IMG_0899.MOV,очки,glasses
IMG_0899.MOV,мужчина,man
IMG_0899.MOV,AI,A.I.
IMG_1205.MOV,море,sea
IMG_1205.MOV,пальма,palm
IMG_1205.MOV,самолёт,airplane
IMG_1205.MOV,пейзаж,scenery
IMG_1563.MOV,животное,animal
IMG_1563.MOV,кот,cat
IMG_1006.MOV,усы,mustache
IMG_1006.MOV,мужчина,man
IMG_1006.MOV,квартира,apartment
IMG_1006.MOV,танец,dance
IMG_1012.MOV,костюм,costume
IMG_1012.MOV,призма,prism
IMG_1012.MOV,зеркало,mirror
IMG_1012.MOV,очки,glasses
IMG_1012.MOV,мужчина,man
IMG_0708.MOV,музыка,music
IMG_0708.MOV,мужчина,man
IMG_0708.MOV,музыкальный инструмент,musical instrument
IMG_1364.MOV,люди,People
IMG_1364.MOV,театр,theater
IMG_1364.MOV,мужчина,man
IMG_1364.MOV,очки,glasses
IMG_1364.MOV,женщина,woman
IMG_0734.MOV,музыка,music
IMG_0734.MOV,текст,text
IMG_0720.MOV,квартира,apartment
IMG_0720.MOV,музыкальный инструмент,musical instrument
IMG_0720.MOV,девушка,young woman
IMG_0907.MOV,усы,mustache
IMG_0907.MOV,качалка,rocking chair
IMG_0907.MOV,мужчина,man
IMG_0960.MOV,очки,glasses
IMG_0960.MOV,мужчина,man
IMG_0960.MOV,доска,board
IMG_0790.MOV,комментарии,comments
IMG_0790.MOV,мужчина,man
IMG_0790.MOV,текст,text
IMG_0790.MOV,борода,beard
IMG_1471.MOV,тарелка,plate
IMG_1471.MOV,еда,food
IMG_1471.MOV,готовка,cooking
IMG_1471.MOV,мужчина,man
IMG_1471.MOV,борода,beard
IMG_1459.MOV,дерево,tree
IMG_1459.MOV,мужчина,man
IMG_1459.MOV,борода,beard
IMG_1459.MOV,готовка,cooking
IMG_0753.MOV,маска,mask
IMG_0753.MOV,мужчина,man
IMG_1868.MOV,музыка,music
IMG_1868.MOV,женщина,woman
IMG_1868.MOV,музыкальный инструмент,musical instrument
IMG_1667.MOV,мужчина,man
IMG_1667.MOV,видео игра,video game
IMG_1667.MOV,танец,dance
IMG_1129.MOV,женщина,woman
IMG_1129.MOV,еда. готовка,food. cooking
IMG_1129.MOV,азиат,Asian
IMG_1920.MOV,пляж,beach
IMG_1920.MOV,люди,People
IMG_1920.MOV,игра,game
IMG_0814.MOV,дом,house
IMG_0814.MOV,женщина,woman
IMG_0814.MOV,борода,beard
IMG_0800.MOV,музыка,music
IMG_0800.MOV,концерт,concert
IMG_0800.MOV,танец,dance
IMG_0828.MOV,фильм,movie
IMG_0828.MOV,мужчина,man
IMG_0828.MOV,кино,movie
IMG_1538.MOV,митинг,rally
IMG_1538.MOV,взрыв,explosion
IMG_1538.MOV,протест,protest
IMG_1538.MOV,усы,mustache
IMG_1538.MOV,мужчина,man
IMG_1262.MOV,еда,food
IMG_1262.MOV,тарелка,plate
IMG_1262.MOV,готовка,cooking
IMG_0829.MOV,2010,2010
IMG_0829.MOV,мем,meme
IMG_0829.MOV,ностальгия,nostalgia
IMG_0815.MOV,мультик,cartoon
IMG_0815.MOV,break dance,break dance
IMG_0815.MOV,рисунок,drawing
IMG_0815.MOV,танец,dance
IMG_1048.MOV,музыка,music
IMG_1048.MOV,животное,animal
IMG_1048.MOV,музыкальный инструмент,musical instrument
IMG_1048.MOV,кот,cat
IMG_1672.MOV,музыка,music
IMG_1672.MOV,мультик,cartoon
IMG_1672.MOV,лего,lego
IMG_1672.MOV,музыкальный инструмент,musical instrument
IMG_1114.MOV,Noize MC,Noise MC
IMG_1114.MOV,мультик,cartoon
IMG_1114.MOV,рисунок,drawing
IMG_1100.MOV,minecraft,minecraft
IMG_1100.MOV,мод,Maud
IMG_1100.MOV,компьютерная игра,computer game
IMG_1100.MOV,игра,game
IMG_0752.MOV,музыка,music
IMG_0752.MOV,игра,game
IMG_0752.MOV,компьютерная игра,computer game
IMG_0752.MOV,танец,dance
IMG_0746.MOV,фильм,movie
IMG_0746.MOV,мультик,cartoon
IMG_0746.MOV,анимация,animation
IMG_0746.MOV,кино,movie
IMG_0975.MOV,окно,window
IMG_0975.MOV,музыка,music
IMG_0975.MOV,игрушка,toy
IMG_0977.MOV,кино,movie
IMG_0977.MOV,мужчина,man
IMG_0977.MOV,фильм,movie
IMG_0977.MOV,очки,glasses
IMG_0977.MOV,женщина,woman
IMG_0963.MOV,животное,animal
IMG_0963.MOV,аксолотль,axolotl
IMG_0963.MOV,аквариум,aquarium
IMG_0963.MOV,труба,pipe
IMG_0963.MOV,вода,water
IMG_0793.MOV,женщина,woman
IMG_0793.MOV,животное,animal
IMG_0793.MOV,собака,dog
IMG_0750.MOV,животное,animal
IMG_0750.MOV,параплан,paraglider
IMG_0750.MOV,собака,dog
IMG_0750.MOV,мужчина,man
IMG_0750.MOV,пейзаж,scenery
IMG_0744.MOV,женщина,woman
IMG_0744.MOV,мужчина,man
IMG_1102.MOV,honda,honda
IMG_1102.MOV,машина,car
IMG_1658.MOV,компьютерная игра,computer game
IMG_1658.MOV,аниме,anime
IMG_1923.MOV,ноутбук,laptop
IMG_1923.MOV,усы,mustache
IMG_1923.MOV,очки,glasses
IMG_1923.MOV,мужчина,man
IMG_1923.MOV,насекомые,insects
IMG_1710.MOV,улица,street
IMG_1710.MOV,жаба,toad
IMG_1710.MOV,животное,animal
IMG_0803.MOV,,
IMG_0803.MOV,очки,glasses
IMG_0803.MOV,животное,animal
IMG_0803.MOV,рыба,fish
IMG_0802.MOV,женщина,woman
IMG_0802.MOV,животное,animal
IMG_0802.MOV,кошка,cat
IMG_1711.MOV,бекас,snipe
IMG_1711.MOV,губка,sponge
IMG_1711.MOV,птица,bird
IMG_1711.MOV,мем,meme
IMG_1077.MOV,печенье,cookie
IMG_1077.MOV,еда,food
IMG_0745.MOV,кепка,cap
IMG_0745.MOV,мужчина,man
IMG_0745.MOV,борода,beard
IMG_0989.MOV,кофе,coffee
IMG_0989.MOV,вода,water
IMG_0989.MOV,готовка,cooking
IMG_0786.MOV,женщина,woman
IMG_0786.MOV,машина,car
IMG_0786.MOV,чокер,choker
IMG_0786.MOV,пирсинг,piercing
IMG_0792.MOV,люди,People
IMG_0792.MOV,мужчина,man
IMG_0792.MOV,пирсинг,piercing
IMG_0792.MOV,очки,glasses
IMG_0792.MOV,женщина,woman
IMG_0962.MOV,животные,animals
IMG_0962.MOV,вода,water
IMG_0962.MOV,креветки,shrimps
IMG_0962.MOV,аквариум,aquarium
IMG_0796.MOV,тарелка,plate
IMG_0796.MOV,еда,food
IMG_0796.MOV,мужчина,man
IMG_0796.MOV,готовка,cooking
IMG_0972.MOV,фильм,movie
IMG_0972.MOV,кино,movie
IMG_0972.MOV,телевизор,TV
IMG_0966.MOV,еда,food
IMG_0966.MOV,мужчина,man
IMG_0966.MOV,shopping,shopping
IMG_0966.MOV,магазин,shop
IMG_0741.MOV,олень,deer
IMG_0741.MOV,мультик,cartoon
IMG_0741.MOV,рисунок,drawing
IMG_1339.MOV,Sandwich,Sandwich
IMG_1339.MOV,тарелка,plate
IMG_1339.MOV,готовка,cooking
IMG_1339.MOV,Еда,Food
IMG_1675.MOV,борзая,greyhound
IMG_1675.MOV,животное,animal
IMG_1675.MOV,лес,forest
IMG_1675.MOV,собака,dog
IMG_1113.MOV,самолёт,airplane
IMG_1113.MOV,игра,game
IMG_1113.MOV,мобильная игра,mobile game
IMG_1113.MOV,азиат,Asian
IMG_1113.MOV,женщина,woman
IMG_1926.MOV,мужчина,man
IMG_1926.MOV,дорога,road
IMG_1926.MOV,знак,sign
IMG_1926.MOV,улица,street
IMG_1926.MOV,борода,beard
IMG_1098.MOV,усы,mustache
IMG_1098.MOV,игра,game
IMG_1098.MOV,мужчина,man
IMG_1098.MOV,мобильная игра,mobile game
IMG_1729.MOV,игра,game
IMG_1729.MOV,крыса,rat
IMG_1729.MOV,мем,meme
IMG_1729.MOV,рисунок,drawing
IMG_0806.MOV,интерфейс,interface
IMG_0806.MOV,мем,meme
IMG_0812.MOV,мобильная игра,mobile game
IMG_0812.MOV,игра,game
IMG_0812.MOV,компьютерная игра,computer game
IMG_1259.MOV,конь,horse
IMG_1259.MOV,вода,water
IMG_1259.MOV,лошадь,horse
IMG_0813.MOV,мультик,cartoon
IMG_0813.MOV,тачки,cars
IMG_0807.MOV,мобильная игра,mobile game
IMG_0807.MOV,компьютерная игра,computer game
IMG_0807.MOV,аниме,anime
IMG_1714.MOV,мужчина,man
IMG_1714.MOV,машина,car
IMG_1714.MOV,гонка,race
IMG_1099.MOV,азиат,Asian
IMG_1099.MOV,тарелка,plate
IMG_1099.MOV,еда,food
IMG_1099.MOV,готовка,cooking
IMG_1099.MOV,мужчина,man
IMG_1112.MOV,животное,animal
IMG_1112.MOV,альпака,alpaca
IMG_1304.MOV,животное,animal
IMG_1304.MOV,кошка,cat
IMG_1304.MOV,кот,cat
IMG_0740.MOV,мем,meme
IMG_0740.MOV,3D,3D
IMG_0740.MOV,косплей,cosplay
IMG_0973.MOV,ковш,ladle
IMG_0973.MOV,экскаватор,excavator
IMG_0973.MOV,машина,car
IMG_0973.MOV,трактор,tractor
IMG_0797.MOV,косметика,cosmetics
IMG_0797.MOV,женщина,woman
IMG_0797.MOV,нарощенные ресницы,eyelash extensions
IMG_0795.MOV,джинсы,jeans
IMG_0795.MOV,Sydney Sweeney,Sydney Sweeney
IMG_0795.MOV,женщина,woman
IMG_0795.MOV,мода,fashion
IMG_0795.MOV,угнетение,oppression
IMG_0971.MOV,моноколесо,unicycle
IMG_0971.MOV,город,city
IMG_0971.MOV,канада,Canada
IMG_0742.MOV,еда,food
IMG_0742.MOV,женщина,woman
IMG_0742.MOV,мужчина,man
IMG_0756.MOV,фильм,movie
IMG_0756.MOV,человек-паук,spider man
IMG_0756.MOV,мужчина,man
IMG_0756.MOV,комикс,comic
IMG_1306.MOV,еда,food
IMG_1306.MOV,мужчина,man
IMG_1306.MOV,арбуз,watermelon
IMG_1306.MOV,готовка,cooking
IMG_1931.MOV,еда,food
IMG_1931.MOV,тарелка,plate
IMG_1931.MOV,мужчина,man
IMG_1931.MOV,готовка,cooking
IMG_1716.MOV,еда,food
IMG_1716.MOV,мужчина,man
IMG_1716.MOV,пкачу,I'm rocking
IMG_1702.MOV,гонка,race
IMG_1702.MOV,машина,car
IMG_1702.MOV,мем,meme
IMG_1702.MOV,дорога,road
IMG_0811.MOV,очки,glasses
IMG_0811.MOV,мужчина,man
IMG_0811.MOV,костюм,costume
IMG_0805.MOV,мультик,cartoon
IMG_0805.MOV,машина,car
IMG_0805.MOV,рисунок,drawing
IMG_1266.MOV,нога,leg
IMG_1266.MOV,кастрюля,pot
IMG_1266.MOV,чан,vat
IMG_1267.MOV,фарш,ground meat
IMG_1267.MOV,готовка,cooking
IMG_0838.MOV,очки,glasses
IMG_0838.MOV,мужчина,man
IMG_0838.MOV,музыкальный инструмент,musical instrument
IMG_1930.MOV,конь,horse
IMG_1930.MOV,кск,ksk
IMG_1930.MOV,мем,meme
IMG_1930.MOV,лошадь,horse
IMG_1105.MOV,машина,car
IMG_1105.MOV,мем,meme
IMG_1105.MOV,фольксваген жук,Volkswagen Beetle
